{"paths": {"rest_framework/docs/css/../fonts/glyphicons-halflings-regular.eot": "rest_framework/docs/css/../fonts/glyphicons-halflings-regular.f4769f9bdb74.eot", "rest_framework/docs/css/../fonts/glyphicons-halflings-regular.woff2": "rest_framework/docs/css/../fonts/glyphicons-halflings-regular.448c34a56d69.woff2", "rest_framework/docs/css/../fonts/glyphicons-halflings-regular.woff": "rest_framework/docs/css/../fonts/glyphicons-halflings-regular.fa2772327f55.woff", "rest_framework/docs/css/../fonts/glyphicons-halflings-regular.ttf": "rest_framework/docs/css/../fonts/glyphicons-halflings-regular.e18bbf611f2a.ttf", "rest_framework/docs/css/../fonts/glyphicons-halflings-regular.svg": "rest_framework/docs/css/../fonts/glyphicons-halflings-regular.89889688147b.svg", "rest_framework/docs/css/../fonts/fontawesome-webfont.eot?v=4.0.3": "rest_framework/docs/css/../fonts/fontawesome-webfont.8b27bc96115c.eot?v=4.0.3", "rest_framework/docs/css/../fonts/fontawesome-webfont.eot": "rest_framework/docs/css/../fonts/fontawesome-webfont.8b27bc96115c.eot", "rest_framework/docs/css/../fonts/fontawesome-webfont.woff?v=4.0.3": "rest_framework/docs/css/../fonts/fontawesome-webfont.3293616ec0c6.woff?v=4.0.3", "rest_framework/docs/css/../fonts/fontawesome-webfont.ttf?v=4.0.3": "rest_framework/docs/css/../fonts/fontawesome-webfont.dcb26c7239d8.ttf?v=4.0.3", "rest_framework/docs/css/../fonts/fontawesome-webfont.svg?v=4.0.3": "rest_framework/docs/css/../fonts/fontawesome-webfont.0a799148a50b.svg?v=4.0.3", "admin/css/fonts.css": "admin/css/fonts.cc6140298ba7.css", "admin/css/../img/sorting-icons.svg": "admin/css/../img/sorting-icons.3a097b59f104.svg", "admin/css/../img/icon-yes.svg": "admin/css/../img/icon-yes.d2f9f035226a.svg", "admin/css/../img/icon-alert.svg": "admin/css/../img/icon-alert.034cc7d8a67f.svg", "admin/css/../img/icon-no.svg": "admin/css/../img/icon-no.439e821418cd.svg", "admin/css/../img/icon-addlink.svg": "admin/css/../img/icon-addlink.d519b3bab011.svg", "admin/css/../img/icon-changelink.svg": "admin/css/../img/icon-changelink.18d2fd706348.svg", "admin/css/../img/icon-deletelink.svg": "admin/css/../img/icon-deletelink.564ef9dc3854.svg", "admin/css/../img/tooltag-arrowright.svg": "admin/css/../img/tooltag-arrowright.bbfb788a849e.svg", "admin/css/../img/tooltag-add.svg": "admin/css/../img/tooltag-add.e59d620a9742.svg", "admin/css/../fonts/Roboto-Bold-webfont.woff": "admin/css/../fonts/Roboto-Bold-webfont.2ad99072841e.woff", "admin/css/../fonts/Roboto-Regular-webfont.woff": "admin/css/../fonts/Roboto-Regular-webfont.ec39515ae8c6.woff", "admin/css/../fonts/Roboto-Light-webfont.woff": "admin/css/../fonts/Roboto-Light-webfont.b446c2399bb6.woff", "admin/css/widgets.css": "admin/css/widgets.a7251c097987.css", "admin/css/../img/search.svg": "admin/css/../img/search.7cf54ff789c6.svg", "admin/css/../img/selector-icons.svg": "admin/css/../img/selector-icons.b4555096cea2.svg", "admin/css/../img/icon-unknown.svg": "admin/css/../img/icon-unknown.a18cb4398978.svg", "admin/css/../img/icon-unknown-alt.svg": "admin/css/../img/icon-unknown-alt.81536e128bb6.svg", "admin/css/../img/icon-clock.svg": "admin/css/../img/icon-clock.e1d4dfac3f2b.svg", "admin/css/../img/icon-calendar.svg": "admin/css/../img/icon-calendar.ac7aea671bea.svg", "admin/css/../img/calendar-icons.svg": "admin/css/../img/calendar-icons.39b290681a8b.svg", "admin/css/../img/inline-delete.svg": "admin/css/../img/inline-delete.fec1b761f254.svg", "rest_framework/css/../img/grid.png": "rest_framework/css/../img/grid.a4b938cf382b.png", "rest_framework/css/../fonts/glyphicons-halflings-regular.eot": "rest_framework/css/../fonts/glyphicons-halflings-regular.f4769f9bdb74.eot", "rest_framework/css/../fonts/glyphicons-halflings-regular.woff2": "rest_framework/css/../fonts/glyphicons-halflings-regular.448c34a56d69.woff2", "rest_framework/css/../fonts/glyphicons-halflings-regular.woff": "rest_framework/css/../fonts/glyphicons-halflings-regular.fa2772327f55.woff", "rest_framework/css/../fonts/glyphicons-halflings-regular.ttf": "rest_framework/css/../fonts/glyphicons-halflings-regular.e18bbf611f2a.ttf", "rest_framework/css/../fonts/glyphicons-halflings-regular.svg": "rest_framework/css/../fonts/glyphicons-halflings-regular.89889688147b.svg", "admin\\js\\vendor\\jquery\\jquery.js": "admin\\js\\vendor\\jquery\\jquery.aacc43d6f308.js", "admin\\js\\vendor\\jquery\\jquery.min.js": "admin\\js\\vendor\\jquery\\jquery.min.33cabfa15c10.js", "admin\\js\\vendor\\jquery\\LICENSE-JQUERY.txt": "admin\\js\\vendor\\jquery\\LICENSE-JQUERY.a158210a2737.txt", "admin\\js\\vendor\\xregexp\\LICENSE-XREGEXP.txt": "admin\\js\\vendor\\xregexp\\LICENSE-XREGEXP.d64cecf4f157.txt", "admin\\js\\vendor\\xregexp\\xregexp.js": "admin\\js\\vendor\\xregexp\\xregexp.1865b1cf5085.js", "admin\\js\\vendor\\xregexp\\xregexp.min.js": "admin\\js\\vendor\\xregexp\\xregexp.min.c95393b8ca4d.js", "admin\\img\\gis\\move_vertex_off.svg": "admin\\img\\gis\\move_vertex_off.7a23bf31ef8a.svg", "admin\\img\\gis\\move_vertex_on.svg": "admin\\img\\gis\\move_vertex_on.0047eba25b67.svg", "admin\\js\\admin\\DateTimeShortcuts.js": "admin\\js\\admin\\DateTimeShortcuts.1536fb6bea1d.js", "admin\\js\\admin\\RelatedObjectLookups.js": "admin\\js\\admin\\RelatedObjectLookups.183db436487a.js", "rest_framework\\docs\\css\\base.css": "rest_framework/docs/css/base.4fca6813aaab.css", "rest_framework\\docs\\css\\bootstrap-theme.min.css": "rest_framework/docs/css/bootstrap-theme.min.321ccd3adb83.css", "rest_framework\\docs\\css\\bootstrap.min.css": "rest_framework/docs/css/bootstrap.min.e3e8b38fed66.css", "rest_framework\\docs\\css\\font-awesome-4.0.3.css": "rest_framework/docs/css/font-awesome-4.0.3.1f9e9d1a5a1d.css", "rest_framework\\docs\\css\\highlight.css": "rest_framework/docs/css/highlight.e0e4d973c6d7.css", "rest_framework\\docs\\css\\jquery.json-view.min.css": "rest_framework/docs/css/jquery.json-view.min.a2e6beeb6710.css", "rest_framework\\docs\\fonts\\fontawesome-webfont.eot": "rest_framework\\docs\\fonts\\fontawesome-webfont.8b27bc96115c.eot", "rest_framework\\docs\\fonts\\fontawesome-webfont.svg": "rest_framework\\docs\\fonts\\fontawesome-webfont.0a799148a50b.svg", "rest_framework\\docs\\fonts\\fontawesome-webfont.ttf": "rest_framework\\docs\\fonts\\fontawesome-webfont.dcb26c7239d8.ttf", "rest_framework\\docs\\fonts\\fontawesome-webfont.woff": "rest_framework\\docs\\fonts\\fontawesome-webfont.3293616ec0c6.woff", "rest_framework\\docs\\fonts\\glyphicons-halflings-regular.eot": "rest_framework\\docs\\fonts\\glyphicons-halflings-regular.f4769f9bdb74.eot", "rest_framework\\docs\\fonts\\glyphicons-halflings-regular.svg": "rest_framework\\docs\\fonts\\glyphicons-halflings-regular.89889688147b.svg", "rest_framework\\docs\\fonts\\glyphicons-halflings-regular.ttf": "rest_framework\\docs\\fonts\\glyphicons-halflings-regular.e18bbf611f2a.ttf", "rest_framework\\docs\\fonts\\glyphicons-halflings-regular.woff": "rest_framework\\docs\\fonts\\glyphicons-halflings-regular.fa2772327f55.woff", "rest_framework\\docs\\fonts\\glyphicons-halflings-regular.woff2": "rest_framework\\docs\\fonts\\glyphicons-halflings-regular.448c34a56d69.woff2", "rest_framework\\docs\\img\\favicon.ico": "rest_framework\\docs\\img\\favicon.5195b4d0f3eb.ico", "rest_framework\\docs\\img\\grid.png": "rest_framework\\docs\\img\\grid.a4b938cf382b.png", "rest_framework\\docs\\js\\api.js": "rest_framework\\docs\\js\\api.b1c168f131d1.js", "rest_framework\\docs\\js\\base.js": "rest_framework\\docs\\js\\base.6b61f1521395.js", "rest_framework\\docs\\js\\bootstrap.min.js": "rest_framework\\docs\\js\\bootstrap.min.79b5346433d3.js", "rest_framework\\docs\\js\\highlight.pack.js": "rest_framework\\docs\\js\\highlight.pack.479b5f21dcba.js", "rest_framework\\docs\\js\\jquery-1.10.2.min.js": "rest_framework\\docs\\js\\jquery-1.10.2.min.628072e7212d.js", "rest_framework\\docs\\js\\jquery.json-view.min.js": "rest_framework\\docs\\js\\jquery.json-view.min.b7c2d6981377.js", "admin\\css\\base.css": "admin/css/base.ba3dc2f88fc5.css", "admin\\css\\changelists.css": "admin/css/changelists.b1b060f73d37.css", "admin\\css\\dashboard.css": "admin/css/dashboard.4898e2e9983d.css", "admin\\css\\fonts.css": "admin/css/fonts.cc6140298ba7.css", "admin\\css\\forms.css": "admin/css/forms.70b858e61281.css", "admin\\css\\login.css": "admin/css/login.a846c0e2ef65.css", "admin\\css\\rtl.css": "admin/css/rtl.e024aaf6df25.css", "admin\\css\\widgets.css": "admin/css/widgets.a7251c097987.css", "admin\\fonts\\LICENSE.txt": "admin\\fonts\\LICENSE.d273d63619c9.txt", "admin\\fonts\\README.txt": "admin\\fonts\\README.2c3d0bcdede2.txt", "admin\\fonts\\Roboto-Bold-webfont.woff": "admin\\fonts\\Roboto-Bold-webfont.2ad99072841e.woff", "admin\\fonts\\Roboto-Light-webfont.woff": "admin\\fonts\\Roboto-Light-webfont.b446c2399bb6.woff", "admin\\fonts\\Roboto-Regular-webfont.woff": "admin\\fonts\\Roboto-Regular-webfont.ec39515ae8c6.woff", "admin\\img\\calendar-icons.svg": "admin\\img\\calendar-icons.39b290681a8b.svg", "admin\\img\\icon-addlink.svg": "admin\\img\\icon-addlink.d519b3bab011.svg", "admin\\img\\icon-alert.svg": "admin\\img\\icon-alert.034cc7d8a67f.svg", "admin\\img\\icon-calendar.svg": "admin\\img\\icon-calendar.ac7aea671bea.svg", "admin\\img\\icon-changelink.svg": "admin\\img\\icon-changelink.18d2fd706348.svg", "admin\\img\\icon-clock.svg": "admin\\img\\icon-clock.e1d4dfac3f2b.svg", "admin\\img\\icon-deletelink.svg": "admin\\img\\icon-deletelink.564ef9dc3854.svg", "admin\\img\\icon-no.svg": "admin\\img\\icon-no.439e821418cd.svg", "admin\\img\\icon-unknown-alt.svg": "admin\\img\\icon-unknown-alt.81536e128bb6.svg", "admin\\img\\icon-unknown.svg": "admin\\img\\icon-unknown.a18cb4398978.svg", "admin\\img\\icon-yes.svg": "admin\\img\\icon-yes.d2f9f035226a.svg", "admin\\img\\inline-delete.svg": "admin\\img\\inline-delete.fec1b761f254.svg", "admin\\img\\LICENSE": "admin\\img\\LICENSE.2c54f4e1ca1c", "admin\\img\\README.txt": "admin\\img\\README.837277fa1908.txt", "admin\\img\\search.svg": "admin\\img\\search.7cf54ff789c6.svg", "admin\\img\\selector-icons.svg": "admin\\img\\selector-icons.b4555096cea2.svg", "admin\\img\\sorting-icons.svg": "admin\\img\\sorting-icons.3a097b59f104.svg", "admin\\img\\tooltag-add.svg": "admin\\img\\tooltag-add.e59d620a9742.svg", "admin\\img\\tooltag-arrowright.svg": "admin\\img\\tooltag-arrowright.bbfb788a849e.svg", "admin\\js\\actions.js": "admin\\js\\actions.32861b6cbdf9.js", "admin\\js\\actions.min.js": "admin\\js\\actions.min.f51f04edab28.js", "admin\\js\\calendar.js": "admin\\js\\calendar.9ac94d055fbd.js", "admin\\js\\cancel.js": "admin\\js\\cancel.1d69cba4b4bf.js", "admin\\js\\change_form.js": "admin\\js\\change_form.d224f77c6b61.js", "admin\\js\\collapse.js": "admin\\js\\collapse.17d715df2104.js", "admin\\js\\collapse.min.js": "admin\\js\\collapse.min.dc930adb2821.js", "admin\\js\\core.js": "admin\\js\\core.fd861d43f0f5.js", "admin\\js\\inlines.js": "admin\\js\\inlines.17981b4df24a.js", "admin\\js\\inlines.min.js": "admin\\js\\inlines.min.8ef8b2379896.js", "admin\\js\\jquery.init.js": "admin\\js\\jquery.init.95b62fa19378.js", "admin\\js\\popup_response.js": "admin\\js\\popup_response.6ce3197f8fc8.js", "admin\\js\\prepopulate.js": "admin\\js\\prepopulate.ff9208865444.js", "admin\\js\\prepopulate.min.js": "admin\\js\\prepopulate.min.f4057ebb9b62.js", "admin\\js\\prepopulate_init.js": "admin\\js\\prepopulate_init.0d3b53c37074.js", "admin\\js\\SelectBox.js": "admin\\js\\SelectBox.b49f008d186b.js", "admin\\js\\SelectFilter2.js": "admin\\js\\SelectFilter2.17009b6d4428.js", "admin\\js\\timeparse.js": "admin\\js\\timeparse.51258861a46a.js", "admin\\js\\urlify.js": "admin\\js\\urlify.411bc3bb651c.js", "rest_framework\\css\\bootstrap-tweaks.css": "rest_framework/css/bootstrap-tweaks.b78ca7b14c57.css", "rest_framework\\css\\bootstrap.min.css": "rest_framework/css/bootstrap.min.ec3bb52a00e1.css", "rest_framework\\css\\default.css": "rest_framework/css/default.713cbe203060.css", "rest_framework\\css\\prettify.css": "rest_framework/css/prettify.a987f72342ee.css", "rest_framework\\fonts\\glyphicons-halflings-regular.eot": "rest_framework\\fonts\\glyphicons-halflings-regular.f4769f9bdb74.eot", "rest_framework\\fonts\\glyphicons-halflings-regular.svg": "rest_framework\\fonts\\glyphicons-halflings-regular.89889688147b.svg", "rest_framework\\fonts\\glyphicons-halflings-regular.ttf": "rest_framework\\fonts\\glyphicons-halflings-regular.e18bbf611f2a.ttf", "rest_framework\\fonts\\glyphicons-halflings-regular.woff": "rest_framework\\fonts\\glyphicons-halflings-regular.fa2772327f55.woff", "rest_framework\\fonts\\glyphicons-halflings-regular.woff2": "rest_framework\\fonts\\glyphicons-halflings-regular.448c34a56d69.woff2", "rest_framework\\img\\glyphicons-halflings-white.png": "rest_framework\\img\\glyphicons-halflings-white.9bbc6e960299.png", "rest_framework\\img\\glyphicons-halflings.png": "rest_framework\\img\\glyphicons-halflings.90233c9067e9.png", "rest_framework\\img\\grid.png": "rest_framework\\img\\grid.a4b938cf382b.png", "rest_framework\\js\\ajax-form.js": "rest_framework\\js\\ajax-form.8b39b42cbf4e.js", "rest_framework\\js\\bootstrap.min.js": "rest_framework\\js\\bootstrap.min.5869c96cc8f1.js", "rest_framework\\js\\coreapi-0.1.0.js": "rest_framework\\js\\coreapi-0.1.0.b8a6a6e33df8.js", "rest_framework\\js\\csrf.js": "rest_framework\\js\\csrf.753b7a1f2ee7.js", "rest_framework\\js\\default.js": "rest_framework\\js\\default.b846d7d305c9.js", "rest_framework\\js\\jquery-1.12.4.min.js": "rest_framework\\js\\jquery-1.12.4.min.4f252523d4af.js", "rest_framework\\js\\prettify-min.js": "rest_framework\\js\\prettify-min.709bfcc456c6.js", "css\\main.css": "css/main.19fd36689778.css"}, "version": "1.0"}